n,k,max_items,max_items/log logn,max_items/(log n/ log log n),standard Deviation
1000000,1,8.7,3.313286156468391,1.653532061670505,0.9994918709024101
1000000,2,4.0,1.5233499569969613,0.7602446260554047,0.7035708919504843
1000000,3,3.0,1.142512467747721,0.5701834695415535,0.5964193155825858
